Iteration,Selfish Strategy,Honest Strategy
1,Selfish,Honest
2,Selfish,Honest
3,Selfish,Honest
4,Selfish,Honest
5,Selfish,Honest
6,Selfish,Honest
7,Selfish,Honest
8,Selfish,Honest
9,Selfish,Honest
10,Selfish,Honest
11,Selfish,Honest
12,Selfish,Honest
13,Selfish,Honest
14,Selfish,Honest
15,Selfish,Honest
16,Selfish,Honest
17,Selfish,Honest
18,Selfish,Honest
19,Selfish,Honest
20,Selfish,Honest
21,Selfish,Honest
22,Selfish,Honest
23,Selfish,Honest
24,Selfish,Honest
25,Selfish,Honest
26,Selfish,Honest
27,Selfish,Honest
28,Selfish,Honest
29,Selfish,Honest
30,Selfish,Honest
31,Selfish,Honest
32,Selfish,Honest
33,Selfish,Honest
34,Selfish,Honest
35,Selfish,Honest
36,Selfish,Honest
37,Selfish,Honest
38,Selfish,Honest
39,Selfish,Honest
40,Selfish,Honest
41,Selfish,Honest
42,Selfish,Honest
43,Selfish,Honest
44,Selfish,Honest
45,Selfish,Honest
46,Selfish,Honest
47,Selfish,Honest
48,Selfish,Honest
49,Selfish,Honest
50,Selfish,Honest
51,Selfish,Honest
52,Selfish,Honest
53,Selfish,Honest
54,Selfish,Honest
55,Selfish,Honest
56,Selfish,Honest
57,Selfish,Honest
58,Selfish,Honest
59,Selfish,Honest
60,Selfish,Honest
61,Selfish,Honest
62,Selfish,Honest
63,Selfish,Honest
64,Selfish,Honest
65,Selfish,Honest
66,Selfish,Honest
67,Selfish,Honest
68,Selfish,Honest
69,Selfish,Honest
70,Selfish,Honest
71,Selfish,Honest
72,Selfish,Honest
73,Selfish,Honest
74,Selfish,Honest
75,Selfish,Honest
76,Selfish,Honest
77,Selfish,Honest
78,Selfish,Honest
79,Selfish,Honest
80,Selfish,Honest
81,Selfish,Honest
82,Selfish,Honest
83,Selfish,Honest
84,Selfish,Honest
85,Selfish,Honest
86,Selfish,Honest
87,Selfish,Honest
88,Selfish,Honest
89,Selfish,Honest
90,Selfish,Honest
91,Selfish,Honest
92,Selfish,Honest
93,Selfish,Honest
94,Selfish,Honest
95,Selfish,Honest
96,Selfish,Honest
97,Selfish,Honest
98,Selfish,Honest
99,Selfish,Honest
100,Selfish,Honest
101,Selfish,Honest
102,Selfish,Honest
103,Selfish,Honest
104,Selfish,Honest
105,Selfish,Honest
106,Selfish,Honest
107,Selfish,Honest
108,Selfish,Honest
109,Selfish,Honest
110,Selfish,Honest
111,Selfish,Honest
112,Selfish,Honest
113,Selfish,Honest
114,Selfish,Honest
115,Selfish,Honest
116,Selfish,Honest
117,Selfish,Honest
118,Selfish,Honest
119,Selfish,Honest
120,Selfish,Honest
121,Selfish,Honest
122,Selfish,Honest
123,Selfish,Honest
124,Selfish,Honest
125,Selfish,Honest
126,Selfish,Honest
127,Selfish,Honest
128,Selfish,Honest
129,Selfish,Honest
130,Selfish,Honest
131,Selfish,Honest
132,Selfish,Honest
133,Selfish,Honest
134,Selfish,Honest
135,Selfish,Honest
136,Selfish,Honest
137,Selfish,Honest
138,Selfish,Honest
139,Selfish,Honest
140,Selfish,Honest
141,Selfish,Honest
142,Selfish,Honest
143,Selfish,Honest
144,Selfish,Honest
145,Selfish,Honest
146,Selfish,Honest
147,Selfish,Honest
148,Selfish,Honest
149,Selfish,Honest
150,Selfish,Honest
151,Selfish,Honest
152,Selfish,Honest
153,Selfish,Honest
154,Selfish,Honest
155,Selfish,Honest
156,Selfish,Honest
157,Selfish,Honest
158,Selfish,Honest
159,Selfish,Honest
160,Selfish,Honest
161,Selfish,Honest
162,Selfish,Honest
163,Selfish,Honest
164,Selfish,Honest
165,Selfish,Honest
166,Selfish,Honest
167,Selfish,Honest
168,Selfish,Honest
169,Selfish,Honest
170,Selfish,Honest
171,Selfish,Honest
172,Selfish,Honest
173,Selfish,Honest
174,Selfish,Honest
175,Selfish,Honest
176,Selfish,Honest
177,Selfish,Honest
178,Selfish,Honest
179,Selfish,Honest
180,Selfish,Honest
181,Selfish,Honest
182,Selfish,Honest
183,Selfish,Honest
184,Selfish,Honest
185,Selfish,Honest
186,Selfish,Honest
187,Selfish,Honest
188,Selfish,Honest
189,Selfish,Honest
190,Selfish,Honest
191,Selfish,Honest
192,Selfish,Honest
193,Selfish,Honest
194,Selfish,Honest
195,Selfish,Honest
196,Selfish,Honest
197,Selfish,Honest
198,Selfish,Honest
199,Selfish,Honest
200,Selfish,Honest
201,Selfish,Honest
202,Selfish,Honest
203,Selfish,Honest
204,Selfish,Honest
205,Selfish,Honest
206,Selfish,Honest
207,Selfish,Honest
208,Selfish,Honest
209,Selfish,Honest
210,Selfish,Honest
211,Selfish,Honest
212,Selfish,Honest
213,Selfish,Honest
214,Selfish,Honest
215,Selfish,Honest
216,Selfish,Honest
217,Selfish,Honest
218,Selfish,Honest
219,Selfish,Honest
220,Selfish,Honest
221,Selfish,Honest
222,Selfish,Honest
223,Selfish,Honest
224,Selfish,Honest
225,Selfish,Honest
226,Selfish,Honest
227,Selfish,Honest
228,Selfish,Honest
229,Selfish,Honest
230,Selfish,Honest
231,Selfish,Honest
232,Selfish,Honest
233,Selfish,Honest
234,Selfish,Honest
235,Selfish,Honest
236,Selfish,Honest
237,Selfish,Honest
238,Selfish,Honest
239,Selfish,Honest
240,Selfish,Honest
241,Selfish,Honest
242,Selfish,Honest
243,Selfish,Honest
244,Selfish,Honest
245,Selfish,Honest
246,Selfish,Honest
247,Selfish,Honest
248,Selfish,Honest
249,Selfish,Honest
250,Selfish,Honest
251,Selfish,Honest
252,Selfish,Honest
253,Selfish,Honest
254,Selfish,Honest
255,Selfish,Honest
256,Selfish,Honest
257,Selfish,Honest
258,Selfish,Honest
259,Selfish,Honest
260,Selfish,Honest
261,Selfish,Honest
262,Selfish,Honest
263,Selfish,Honest
264,Selfish,Honest
265,Selfish,Honest
266,Selfish,Honest
267,Selfish,Honest
268,Selfish,Honest
269,Selfish,Honest
270,Selfish,Honest
271,Selfish,Honest
272,Selfish,Honest
273,Selfish,Honest
274,Selfish,Honest
275,Selfish,Honest
276,Selfish,Honest
277,Selfish,Honest
278,Selfish,Honest
279,Selfish,Honest
280,Selfish,Honest
281,Selfish,Honest
282,Selfish,Honest
283,Selfish,Honest
284,Selfish,Honest
285,Selfish,Honest
286,Selfish,Honest
287,Selfish,Honest
288,Selfish,Honest
289,Selfish,Honest
290,Selfish,Honest
291,Selfish,Honest
292,Selfish,Honest
293,Selfish,Honest
294,Selfish,Honest
295,Selfish,Honest
296,Selfish,Honest
297,Selfish,Honest
298,Selfish,Honest
299,Selfish,Honest
300,Selfish,Honest
301,Selfish,Honest
302,Selfish,Honest
303,Selfish,Honest
304,Selfish,Honest
305,Selfish,Honest
306,Selfish,Honest
307,Selfish,Honest
308,Selfish,Honest
309,Selfish,Honest
310,Selfish,Honest
311,Selfish,Honest
312,Selfish,Honest
313,Selfish,Honest
314,Selfish,Honest
315,Selfish,Honest
316,Selfish,Honest
317,Selfish,Honest
318,Selfish,Honest
319,Selfish,Honest
320,Selfish,Honest
321,Selfish,Honest
322,Selfish,Honest
323,Selfish,Honest
324,Selfish,Honest
325,Selfish,Honest
326,Selfish,Honest
327,Selfish,Honest
328,Selfish,Honest
329,Selfish,Honest
330,Selfish,Honest
331,Selfish,Honest
332,Selfish,Honest
333,Selfish,Honest
334,Selfish,Honest
335,Selfish,Honest
336,Selfish,Honest
337,Selfish,Honest
338,Selfish,Honest
339,Selfish,Honest
340,Selfish,Honest
341,Selfish,Honest
342,Selfish,Honest
343,Selfish,Honest
344,Selfish,Honest
345,Selfish,Honest
346,Selfish,Honest
347,Selfish,Honest
348,Selfish,Honest
349,Selfish,Honest
350,Selfish,Honest
351,Selfish,Honest
352,Selfish,Honest
353,Selfish,Honest
354,Selfish,Honest
355,Selfish,Honest
356,Selfish,Honest
357,Selfish,Honest
358,Selfish,Honest
359,Selfish,Honest
360,Selfish,Honest
361,Selfish,Honest
362,Selfish,Honest
363,Selfish,Honest
364,Selfish,Honest
365,Selfish,Honest
366,Selfish,Honest
367,Selfish,Honest
368,Selfish,Honest
369,Selfish,Honest
370,Selfish,Honest
371,Selfish,Honest
372,Selfish,Honest
373,Selfish,Honest
374,Selfish,Honest
375,Selfish,Honest
376,Selfish,Honest
377,Selfish,Honest
378,Selfish,Honest
379,Selfish,Honest
380,Selfish,Honest
381,Selfish,Honest
382,Selfish,Honest
383,Selfish,Honest
384,Selfish,Honest
385,Selfish,Honest
386,Selfish,Honest
387,Selfish,Honest
388,Selfish,Honest
389,Selfish,Honest
390,Selfish,Honest
391,Selfish,Honest
392,Selfish,Honest
393,Selfish,Honest
394,Selfish,Honest
395,Selfish,Honest
396,Selfish,Honest
397,Selfish,Honest
398,Selfish,Honest
399,Selfish,Honest
400,Selfish,Honest
401,Selfish,Honest
402,Selfish,Honest
403,Selfish,Honest
404,Selfish,Honest
405,Selfish,Honest
406,Selfish,Honest
407,Selfish,Honest
408,Selfish,Honest
409,Selfish,Honest
410,Selfish,Honest
411,Selfish,Honest
412,Selfish,Honest
413,Selfish,Honest
414,Selfish,Honest
415,Selfish,Honest
416,Selfish,Honest
417,Selfish,Honest
418,Selfish,Honest
419,Selfish,Honest
420,Selfish,Honest
421,Selfish,Honest
422,Selfish,Honest
423,Selfish,Honest
424,Selfish,Honest
425,Selfish,Honest
426,Selfish,Honest
427,Selfish,Honest
428,Selfish,Honest
429,Selfish,Honest
430,Selfish,Honest
431,Selfish,Honest
432,Selfish,Honest
433,Selfish,Honest
434,Selfish,Honest
435,Selfish,Honest
436,Selfish,Honest
437,Selfish,Honest
438,Selfish,Honest
439,Selfish,Honest
440,Selfish,Honest
441,Selfish,Honest
442,Selfish,Honest
443,Selfish,Honest
444,Selfish,Honest
445,Selfish,Honest
446,Selfish,Honest
447,Selfish,Honest
448,Selfish,Honest
449,Selfish,Honest
450,Selfish,Honest
451,Selfish,Honest
452,Selfish,Honest
453,Selfish,Honest
454,Selfish,Honest
455,Selfish,Honest
456,Selfish,Honest
457,Selfish,Honest
458,Selfish,Honest
459,Selfish,Honest
460,Selfish,Honest
461,Selfish,Honest
462,Selfish,Honest
463,Selfish,Honest
464,Selfish,Honest
465,Selfish,Honest
466,Selfish,Honest
467,Selfish,Honest
468,Selfish,Honest
469,Selfish,Honest
470,Selfish,Honest
471,Selfish,Honest
472,Selfish,Honest
473,Selfish,Honest
474,Selfish,Honest
475,Selfish,Honest
476,Selfish,Honest
477,Selfish,Honest
478,Selfish,Honest
479,Selfish,Honest
480,Selfish,Honest
481,Selfish,Honest
482,Selfish,Honest
483,Selfish,Honest
484,Selfish,Honest
485,Selfish,Honest
486,Selfish,Honest
487,Selfish,Honest
488,Selfish,Honest
489,Selfish,Honest
490,Selfish,Honest
491,Selfish,Honest
492,Selfish,Honest
493,Selfish,Honest
494,Selfish,Honest
495,Selfish,Honest
496,Selfish,Honest
497,Selfish,Honest
498,Selfish,Honest
499,Selfish,Honest
500,Selfish,Honest
501,Selfish,Honest
502,Selfish,Honest
503,Selfish,Honest
504,Selfish,Honest
505,Selfish,Honest
506,Selfish,Honest
507,Selfish,Honest
508,Selfish,Honest
509,Selfish,Honest
510,Selfish,Honest
511,Selfish,Honest
512,Selfish,Honest
513,Selfish,Honest
514,Selfish,Honest
515,Selfish,Honest
516,Selfish,Honest
517,Selfish,Honest
518,Selfish,Honest
519,Selfish,Honest
520,Selfish,Honest
521,Selfish,Honest
522,Selfish,Honest
523,Selfish,Honest
524,Selfish,Honest
525,Selfish,Honest
526,Selfish,Honest
527,Selfish,Honest
528,Selfish,Honest
529,Selfish,Honest
530,Selfish,Honest
531,Selfish,Honest
532,Selfish,Honest
533,Selfish,Honest
534,Selfish,Honest
535,Selfish,Honest
536,Selfish,Honest
537,Selfish,Honest
538,Selfish,Honest
539,Selfish,Honest
540,Selfish,Honest
541,Selfish,Honest
542,Selfish,Honest
543,Selfish,Honest
544,Selfish,Honest
545,Selfish,Honest
546,Selfish,Honest
547,Selfish,Honest
548,Selfish,Honest
549,Selfish,Honest
550,Selfish,Honest
551,Selfish,Honest
552,Selfish,Honest
553,Selfish,Honest
554,Selfish,Honest
555,Selfish,Honest
556,Selfish,Honest
557,Selfish,Honest
558,Selfish,Honest
559,Selfish,Honest
560,Selfish,Honest
561,Selfish,Honest
562,Selfish,Honest
563,Selfish,Honest
564,Selfish,Honest
565,Selfish,Honest
566,Selfish,Honest
567,Selfish,Honest
568,Selfish,Honest
569,Selfish,Honest
570,Selfish,Honest
571,Selfish,Honest
572,Selfish,Honest
573,Selfish,Honest
574,Selfish,Honest
575,Selfish,Honest
576,Selfish,Honest
577,Selfish,Honest
578,Selfish,Honest
579,Selfish,Honest
580,Selfish,Honest
581,Selfish,Honest
582,Selfish,Honest
583,Selfish,Honest
584,Selfish,Honest
585,Selfish,Honest
586,Selfish,Honest
587,Selfish,Honest
588,Selfish,Honest
589,Selfish,Honest
590,Selfish,Honest
591,Selfish,Honest
592,Selfish,Honest
593,Selfish,Honest
594,Selfish,Honest
595,Selfish,Honest
596,Selfish,Honest
597,Selfish,Honest
598,Selfish,Honest
599,Selfish,Honest
600,Selfish,Honest
601,Selfish,Honest
602,Selfish,Honest
603,Selfish,Honest
604,Selfish,Honest
605,Selfish,Honest
606,Selfish,Honest
607,Selfish,Honest
608,Selfish,Honest
609,Selfish,Honest
610,Selfish,Honest
611,Selfish,Honest
612,Selfish,Honest
613,Selfish,Honest
614,Selfish,Honest
615,Selfish,Honest
616,Selfish,Honest
617,Selfish,Honest
618,Selfish,Honest
619,Selfish,Honest
620,Selfish,Honest
621,Selfish,Honest
622,Selfish,Honest
623,Selfish,Honest
624,Selfish,Honest
625,Selfish,Honest
626,Selfish,Honest
627,Selfish,Honest
628,Selfish,Honest
629,Selfish,Honest
630,Selfish,Honest
631,Selfish,Honest
632,Selfish,Honest
633,Selfish,Honest
634,Selfish,Honest
635,Selfish,Honest
636,Selfish,Honest
637,Selfish,Honest
638,Selfish,Honest
639,Selfish,Honest
640,Selfish,Honest
641,Selfish,Honest
642,Selfish,Honest
643,Selfish,Honest
644,Selfish,Honest
645,Selfish,Honest
646,Selfish,Honest
647,Selfish,Honest
648,Selfish,Honest
649,Selfish,Honest
650,Selfish,Honest
651,Selfish,Honest
652,Selfish,Honest
653,Selfish,Honest
654,Selfish,Honest
655,Selfish,Honest
656,Selfish,Honest
657,Selfish,Honest
658,Selfish,Honest
659,Selfish,Honest
660,Selfish,Honest
661,Selfish,Honest
662,Selfish,Honest
663,Selfish,Honest
664,Selfish,Honest
665,Selfish,Honest
666,Selfish,Honest
667,Selfish,Honest
668,Selfish,Honest
669,Selfish,Honest
670,Selfish,Honest
671,Selfish,Honest
672,Selfish,Honest
673,Selfish,Honest
674,Selfish,Honest
675,Selfish,Honest
676,Selfish,Honest
677,Selfish,Honest
678,Selfish,Honest
679,Selfish,Honest
680,Selfish,Honest
681,Selfish,Honest
682,Selfish,Honest
683,Selfish,Honest
684,Selfish,Honest
685,Selfish,Honest
686,Selfish,Honest
687,Selfish,Honest
688,Selfish,Honest
689,Selfish,Honest
690,Selfish,Honest
691,Selfish,Honest
692,Selfish,Honest
693,Selfish,Honest
694,Selfish,Honest
695,Selfish,Honest
696,Selfish,Honest
697,Selfish,Honest
698,Selfish,Honest
699,Selfish,Honest
700,Selfish,Honest
701,Selfish,Honest
702,Selfish,Honest
703,Selfish,Honest
704,Selfish,Honest
705,Selfish,Honest
706,Selfish,Honest
707,Selfish,Honest
708,Selfish,Honest
709,Selfish,Honest
710,Selfish,Honest
711,Selfish,Honest
712,Selfish,Honest
713,Selfish,Honest
714,Selfish,Honest
715,Selfish,Honest
716,Selfish,Honest
717,Selfish,Honest
718,Selfish,Honest
719,Selfish,Honest
720,Selfish,Honest
721,Selfish,Honest
722,Selfish,Honest
723,Selfish,Honest
724,Selfish,Honest
725,Selfish,Honest
726,Selfish,Honest
727,Selfish,Honest
728,Selfish,Honest
729,Selfish,Honest
730,Selfish,Honest
731,Selfish,Honest
732,Selfish,Honest
733,Selfish,Honest
734,Selfish,Honest
735,Selfish,Honest
736,Selfish,Honest
737,Selfish,Honest
738,Selfish,Honest
739,Selfish,Honest
740,Selfish,Honest
741,Selfish,Honest
742,Selfish,Honest
743,Selfish,Honest
744,Selfish,Honest
745,Selfish,Honest
746,Selfish,Honest
747,Selfish,Honest
748,Selfish,Honest
749,Selfish,Honest
750,Selfish,Honest
751,Selfish,Honest
752,Selfish,Honest
753,Selfish,Honest
754,Selfish,Honest
755,Selfish,Honest
756,Selfish,Honest
757,Selfish,Honest
758,Selfish,Honest
759,Selfish,Honest
760,Selfish,Honest
761,Selfish,Honest
762,Selfish,Honest
763,Selfish,Honest
764,Selfish,Honest
765,Selfish,Honest
766,Selfish,Honest
767,Selfish,Honest
768,Selfish,Honest
769,Selfish,Honest
770,Selfish,Honest
771,Selfish,Honest
772,Selfish,Honest
773,Selfish,Honest
774,Selfish,Honest
775,Selfish,Honest
776,Selfish,Honest
777,Selfish,Honest
778,Selfish,Honest
779,Selfish,Honest
780,Selfish,Honest
781,Selfish,Honest
782,Selfish,Honest
783,Selfish,Honest
784,Selfish,Honest
785,Selfish,Honest
786,Selfish,Honest
787,Selfish,Honest
788,Selfish,Honest
789,Selfish,Honest
790,Selfish,Honest
791,Selfish,Honest
792,Selfish,Honest
793,Selfish,Honest
794,Selfish,Honest
795,Selfish,Honest
796,Selfish,Honest
797,Selfish,Honest
798,Selfish,Honest
799,Selfish,Honest
800,Selfish,Honest
801,Selfish,Honest
802,Selfish,Honest
803,Selfish,Honest
804,Selfish,Honest
805,Selfish,Honest
806,Selfish,Honest
807,Selfish,Honest
808,Selfish,Honest
809,Selfish,Honest
810,Selfish,Honest
811,Selfish,Honest
812,Selfish,Honest
813,Selfish,Honest
814,Selfish,Honest
815,Selfish,Honest
816,Selfish,Honest
817,Selfish,Honest
818,Selfish,Honest
819,Selfish,Honest
820,Selfish,Honest
821,Selfish,Honest
822,Selfish,Honest
823,Selfish,Honest
824,Selfish,Honest
825,Selfish,Honest
826,Selfish,Honest
827,Selfish,Honest
828,Selfish,Honest
829,Selfish,Honest
830,Selfish,Honest
831,Selfish,Honest
832,Selfish,Honest
833,Selfish,Honest
834,Selfish,Honest
835,Selfish,Honest
836,Selfish,Honest
837,Selfish,Honest
838,Selfish,Honest
839,Selfish,Honest
840,Selfish,Honest
841,Selfish,Honest
842,Selfish,Honest
843,Selfish,Honest
844,Selfish,Honest
845,Selfish,Honest
846,Selfish,Honest
847,Selfish,Honest
848,Selfish,Honest
849,Selfish,Honest
850,Selfish,Honest
851,Selfish,Honest
852,Selfish,Honest
853,Selfish,Honest
854,Selfish,Honest
855,Selfish,Honest
856,Selfish,Honest
857,Selfish,Honest
858,Selfish,Honest
859,Selfish,Honest
860,Selfish,Honest
861,Selfish,Honest
862,Selfish,Honest
863,Selfish,Honest
864,Selfish,Honest
865,Selfish,Honest
866,Selfish,Honest
867,Selfish,Honest
868,Selfish,Honest
869,Selfish,Honest
870,Selfish,Honest
871,Selfish,Honest
872,Selfish,Honest
873,Selfish,Honest
874,Selfish,Honest
875,Selfish,Honest
876,Selfish,Honest
877,Selfish,Honest
878,Selfish,Honest
879,Selfish,Honest
880,Selfish,Honest
881,Selfish,Honest
882,Selfish,Honest
883,Selfish,Honest
884,Selfish,Honest
885,Selfish,Honest
886,Selfish,Honest
887,Selfish,Honest
888,Selfish,Honest
889,Selfish,Honest
890,Selfish,Honest
891,Selfish,Honest
892,Selfish,Honest
893,Selfish,Honest
894,Selfish,Honest
895,Selfish,Honest
896,Selfish,Honest
897,Selfish,Honest
898,Selfish,Honest
899,Selfish,Honest
900,Selfish,Honest
901,Selfish,Honest
902,Selfish,Honest
903,Selfish,Honest
904,Selfish,Honest
905,Selfish,Honest
906,Selfish,Honest
907,Selfish,Honest
908,Selfish,Honest
909,Selfish,Honest
910,Selfish,Honest
911,Selfish,Honest
912,Selfish,Honest
913,Selfish,Honest
914,Selfish,Honest
915,Selfish,Honest
916,Selfish,Honest
917,Selfish,Honest
918,Selfish,Honest
919,Selfish,Honest
920,Selfish,Honest
921,Selfish,Honest
922,Selfish,Honest
923,Selfish,Honest
924,Selfish,Honest
925,Selfish,Honest
926,Selfish,Honest
927,Selfish,Honest
928,Selfish,Honest
929,Selfish,Honest
930,Selfish,Honest
931,Selfish,Honest
932,Selfish,Honest
933,Selfish,Honest
934,Selfish,Honest
935,Selfish,Honest
936,Selfish,Honest
937,Selfish,Honest
938,Selfish,Honest
939,Selfish,Honest
940,Selfish,Honest
941,Selfish,Honest
942,Selfish,Honest
943,Selfish,Honest
944,Selfish,Honest
945,Selfish,Honest
946,Selfish,Honest
947,Selfish,Honest
948,Selfish,Honest
949,Selfish,Honest
950,Selfish,Honest
951,Selfish,Honest
952,Selfish,Honest
953,Selfish,Honest
954,Selfish,Honest
955,Selfish,Honest
956,Selfish,Honest
957,Selfish,Honest
958,Selfish,Honest
959,Selfish,Honest
960,Selfish,Honest
961,Selfish,Honest
962,Selfish,Honest
963,Selfish,Honest
964,Selfish,Honest
965,Selfish,Honest
966,Selfish,Honest
967,Selfish,Honest
968,Selfish,Honest
969,Selfish,Honest
970,Selfish,Honest
971,Selfish,Honest
972,Selfish,Honest
973,Selfish,Honest
974,Selfish,Honest
975,Selfish,Honest
976,Selfish,Honest
977,Selfish,Honest
978,Selfish,Honest
979,Selfish,Honest
980,Selfish,Honest
981,Selfish,Honest
982,Selfish,Honest
983,Selfish,Honest
984,Selfish,Honest
985,Selfish,Honest
986,Selfish,Honest
987,Selfish,Honest
988,Selfish,Honest
989,Selfish,Honest
990,Selfish,Honest
991,Selfish,Honest
992,Selfish,Honest
993,Selfish,Honest
994,Selfish,Honest
995,Selfish,Honest
996,Selfish,Honest
997,Selfish,Honest
998,Selfish,Honest
999,Selfish,Honest
1000,Selfish,Honest
1001,Selfish,Honest
1002,Selfish,Honest
1003,Selfish,Honest
1004,Selfish,Honest
1005,Selfish,Honest
1006,Selfish,Honest
1007,Selfish,Honest
1008,Selfish,Honest
1009,Selfish,Honest
1010,Selfish,Honest
1011,Selfish,Honest
1012,Selfish,Honest
1013,Selfish,Honest
1014,Selfish,Honest
1015,Selfish,Honest
1016,Selfish,Honest
1017,Selfish,Honest
1018,Selfish,Honest
1019,Selfish,Honest
1020,Selfish,Honest
1021,Selfish,Honest
1022,Selfish,Honest
1023,Selfish,Honest
1024,Selfish,Honest
1025,Selfish,Honest
1026,Selfish,Honest
1027,Selfish,Honest
1028,Selfish,Honest
1029,Selfish,Honest
1030,Selfish,Honest
1031,Selfish,Honest
1032,Selfish,Honest
1033,Selfish,Honest
1034,Selfish,Honest
1035,Selfish,Honest
1036,Selfish,Honest
1037,Selfish,Honest
1038,Selfish,Honest
1039,Selfish,Honest
1040,Selfish,Honest
1041,Selfish,Honest
1042,Selfish,Honest
1043,Selfish,Honest
1044,Selfish,Honest
1045,Selfish,Honest
1046,Selfish,Honest
1047,Selfish,Honest
1048,Selfish,Honest
1049,Selfish,Honest
1050,Selfish,Honest
1051,Selfish,Honest
1052,Selfish,Honest
1053,Selfish,Honest
1054,Selfish,Honest
1055,Selfish,Honest
1056,Selfish,Honest
1057,Selfish,Honest
1058,Selfish,Honest
1059,Selfish,Honest
1060,Selfish,Honest
1061,Selfish,Honest
1062,Selfish,Honest
1063,Selfish,Honest
1064,Selfish,Honest
1065,Selfish,Honest
1066,Selfish,Honest
1067,Selfish,Honest
1068,Selfish,Honest
1069,Selfish,Honest
1070,Selfish,Honest
1071,Selfish,Honest
1072,Selfish,Honest
1073,Selfish,Honest
1074,Selfish,Honest
1075,Selfish,Honest
1076,Selfish,Honest
1077,Selfish,Honest
1078,Selfish,Honest
1079,Selfish,Honest
1080,Selfish,Honest
1081,Selfish,Honest
1082,Selfish,Honest
1083,Selfish,Honest
1084,Selfish,Honest
1085,Selfish,Honest
1086,Selfish,Honest
1087,Selfish,Honest
1088,Selfish,Honest
1089,Selfish,Honest
1090,Selfish,Honest
1091,Selfish,Honest
1092,Selfish,Honest
1093,Selfish,Honest
1094,Selfish,Honest
1095,Selfish,Honest
1096,Selfish,Honest
1097,Selfish,Honest
1098,Selfish,Honest
1099,Selfish,Honest
1100,Selfish,Honest
1101,Selfish,Honest
1102,Selfish,Honest
1103,Selfish,Honest
1104,Selfish,Honest
1105,Selfish,Honest
1106,Selfish,Honest
1107,Selfish,Honest
1108,Selfish,Honest
1109,Selfish,Honest
1110,Selfish,Honest
1111,Selfish,Honest
1112,Selfish,Honest
1113,Selfish,Honest
1114,Selfish,Honest
1115,Selfish,Honest
1116,Selfish,Honest
1117,Selfish,Honest
1118,Selfish,Honest
1119,Selfish,Honest
1120,Selfish,Honest
1121,Selfish,Honest
1122,Selfish,Honest
1123,Selfish,Honest
1124,Selfish,Honest
1125,Selfish,Honest
1126,Selfish,Honest
1127,Selfish,Honest
1128,Selfish,Honest
1129,Selfish,Honest
1130,Selfish,Honest
1131,Selfish,Honest
1132,Selfish,Honest
1133,Selfish,Honest
1134,Selfish,Honest
1135,Selfish,Honest
1136,Selfish,Honest
1137,Selfish,Honest
1138,Selfish,Honest
1139,Selfish,Honest
1140,Selfish,Honest
1141,Selfish,Honest
1142,Selfish,Honest
1143,Selfish,Honest
1144,Selfish,Honest
1145,Selfish,Honest
1146,Selfish,Honest
1147,Selfish,Honest
1148,Selfish,Honest
1149,Selfish,Honest
1150,Selfish,Honest
1151,Selfish,Honest
1152,Selfish,Honest
1153,Selfish,Honest
1154,Selfish,Honest
1155,Selfish,Honest
1156,Selfish,Honest
1157,Selfish,Honest
1158,Selfish,Honest
1159,Selfish,Honest
1160,Selfish,Honest
1161,Selfish,Honest
1162,Selfish,Honest
1163,Selfish,Honest
1164,Selfish,Honest
1165,Selfish,Honest
1166,Selfish,Honest
1167,Selfish,Honest
1168,Selfish,Honest
1169,Selfish,Honest
1170,Selfish,Honest
1171,Selfish,Honest
1172,Selfish,Honest
1173,Selfish,Honest
1174,Selfish,Honest
1175,Selfish,Honest
1176,Selfish,Honest
1177,Selfish,Honest
1178,Selfish,Honest
1179,Selfish,Honest
1180,Selfish,Honest
1181,Selfish,Honest
1182,Selfish,Honest
1183,Selfish,Honest
1184,Selfish,Honest
1185,Selfish,Honest
1186,Selfish,Honest
1187,Selfish,Honest
1188,Selfish,Honest
1189,Selfish,Honest
1190,Selfish,Honest
1191,Selfish,Honest
1192,Selfish,Honest
1193,Selfish,Honest
1194,Selfish,Honest
1195,Selfish,Honest
1196,Selfish,Honest
1197,Selfish,Honest
1198,Selfish,Honest
1199,Selfish,Honest
1200,Selfish,Honest
1201,Selfish,Honest
1202,Selfish,Honest
1203,Selfish,Honest
1204,Selfish,Honest
1205,Selfish,Honest
1206,Selfish,Honest
1207,Selfish,Honest
1208,Selfish,Honest
1209,Selfish,Honest
1210,Selfish,Honest
1211,Selfish,Honest
1212,Selfish,Honest
1213,Selfish,Honest
1214,Selfish,Honest
1215,Selfish,Honest
1216,Selfish,Honest
1217,Selfish,Honest
1218,Selfish,Honest
1219,Selfish,Honest
1220,Selfish,Honest
1221,Selfish,Honest
1222,Selfish,Honest
1223,Selfish,Honest
1224,Selfish,Honest
1225,Selfish,Honest
1226,Selfish,Honest
1227,Selfish,Honest
1228,Selfish,Honest
1229,Selfish,Honest
1230,Selfish,Honest
1231,Selfish,Honest
1232,Selfish,Honest
1233,Selfish,Honest
1234,Selfish,Honest
1235,Selfish,Honest
1236,Selfish,Honest
1237,Selfish,Honest
1238,Selfish,Honest
1239,Selfish,Honest
1240,Selfish,Honest
1241,Selfish,Honest
1242,Selfish,Honest
1243,Selfish,Honest
1244,Selfish,Honest
1245,Selfish,Honest
1246,Selfish,Honest
1247,Selfish,Honest
1248,Selfish,Honest
1249,Selfish,Honest
1250,Selfish,Honest
1251,Selfish,Honest
1252,Selfish,Honest
1253,Selfish,Honest
1254,Selfish,Honest
1255,Selfish,Honest
1256,Selfish,Honest
1257,Selfish,Honest
1258,Selfish,Honest
1259,Selfish,Honest
1260,Selfish,Honest
1261,Selfish,Honest
1262,Selfish,Honest
1263,Selfish,Honest
1264,Selfish,Honest
1265,Selfish,Honest
1266,Selfish,Honest
1267,Selfish,Honest
1268,Selfish,Honest
1269,Selfish,Honest
1270,Selfish,Honest
1271,Selfish,Honest
1272,Selfish,Honest
1273,Selfish,Honest
1274,Selfish,Honest
1275,Selfish,Honest
1276,Selfish,Honest
1277,Selfish,Honest
1278,Selfish,Honest
1279,Selfish,Honest
1280,Selfish,Honest
1281,Selfish,Honest
1282,Selfish,Honest
1283,Selfish,Honest
1284,Selfish,Honest
1285,Selfish,Honest
1286,Selfish,Honest
1287,Selfish,Honest
1288,Selfish,Honest
1289,Selfish,Honest
1290,Selfish,Honest
1291,Selfish,Honest
1292,Selfish,Honest
1293,Selfish,Honest
1294,Selfish,Honest
1295,Selfish,Honest
1296,Selfish,Honest
1297,Selfish,Honest
1298,Selfish,Honest
1299,Selfish,Honest
1300,Selfish,Honest
1301,Selfish,Honest
1302,Selfish,Honest
1303,Selfish,Honest
1304,Selfish,Honest
1305,Selfish,Honest
1306,Selfish,Honest
1307,Selfish,Honest
1308,Selfish,Honest
1309,Selfish,Honest
1310,Selfish,Honest
1311,Selfish,Honest
1312,Selfish,Honest
1313,Selfish,Honest
1314,Selfish,Honest
1315,Selfish,Honest
1316,Selfish,Honest
1317,Selfish,Honest
1318,Selfish,Honest
1319,Selfish,Honest
1320,Selfish,Honest
1321,Selfish,Honest
1322,Selfish,Honest
1323,Selfish,Honest
1324,Selfish,Honest
1325,Selfish,Honest
1326,Selfish,Honest
1327,Selfish,Honest
1328,Selfish,Honest
1329,Selfish,Honest
1330,Selfish,Honest
1331,Selfish,Honest
1332,Selfish,Honest
1333,Selfish,Honest
1334,Selfish,Honest
1335,Selfish,Honest
1336,Selfish,Honest
1337,Selfish,Honest
1338,Selfish,Honest
1339,Selfish,Honest
1340,Selfish,Honest
1341,Selfish,Honest
1342,Selfish,Honest
1343,Selfish,Honest
1344,Selfish,Honest
1345,Selfish,Honest
1346,Selfish,Honest
1347,Selfish,Honest
1348,Selfish,Honest
1349,Selfish,Honest
1350,Selfish,Honest
1351,Selfish,Honest
1352,Selfish,Honest
1353,Selfish,Honest
1354,Selfish,Honest
1355,Selfish,Honest
1356,Selfish,Honest
1357,Selfish,Honest
1358,Selfish,Honest
1359,Selfish,Honest
1360,Selfish,Honest
1361,Selfish,Honest
1362,Selfish,Honest
1363,Selfish,Honest
1364,Selfish,Honest
1365,Selfish,Honest
1366,Selfish,Honest
1367,Selfish,Honest
1368,Selfish,Honest
1369,Selfish,Honest
1370,Selfish,Honest
1371,Selfish,Honest
1372,Selfish,Honest
1373,Selfish,Honest
1374,Selfish,Honest
1375,Selfish,Honest
1376,Selfish,Honest
1377,Selfish,Honest
1378,Selfish,Honest
1379,Selfish,Honest
1380,Selfish,Honest
1381,Selfish,Honest
1382,Selfish,Honest
1383,Selfish,Honest
1384,Selfish,Honest
1385,Selfish,Honest
1386,Selfish,Honest
1387,Selfish,Honest
1388,Selfish,Honest
1389,Selfish,Honest
1390,Selfish,Honest
1391,Selfish,Honest
1392,Selfish,Honest
1393,Selfish,Honest
1394,Selfish,Honest
1395,Selfish,Honest
1396,Selfish,Honest
1397,Selfish,Honest
1398,Selfish,Honest
1399,Selfish,Honest
1400,Selfish,Honest
1401,Selfish,Honest
1402,Selfish,Honest
1403,Selfish,Honest
1404,Selfish,Honest
1405,Selfish,Honest
1406,Selfish,Honest
1407,Selfish,Honest
1408,Selfish,Honest
1409,Selfish,Honest
1410,Selfish,Honest
1411,Selfish,Honest
1412,Selfish,Honest
1413,Selfish,Honest
1414,Selfish,Honest
1415,Selfish,Honest
1416,Selfish,Honest
1417,Selfish,Honest
1418,Selfish,Honest
1419,Selfish,Honest
1420,Selfish,Honest
1421,Selfish,Honest
1422,Selfish,Honest
1423,Selfish,Honest
1424,Selfish,Honest
1425,Selfish,Honest
1426,Selfish,Honest
1427,Selfish,Honest
1428,Selfish,Honest
1429,Selfish,Honest
1430,Selfish,Honest
1431,Selfish,Honest
1432,Selfish,Honest
1433,Selfish,Honest
1434,Selfish,Honest
1435,Selfish,Honest
1436,Selfish,Honest
1437,Selfish,Honest
1438,Selfish,Honest
1439,Selfish,Honest
1440,Selfish,Honest
1441,Selfish,Honest
1442,Selfish,Honest
1443,Selfish,Honest
1444,Selfish,Honest
1445,Selfish,Honest
1446,Selfish,Honest
1447,Selfish,Honest
1448,Selfish,Honest
1449,Selfish,Honest
1450,Selfish,Honest
1451,Selfish,Honest
1452,Selfish,Honest
1453,Selfish,Honest
1454,Selfish,Honest
1455,Selfish,Honest
1456,Selfish,Honest
1457,Selfish,Honest
1458,Selfish,Honest
1459,Selfish,Honest
1460,Selfish,Honest
1461,Selfish,Honest
1462,Selfish,Honest
1463,Selfish,Honest
1464,Selfish,Honest
1465,Selfish,Honest
1466,Selfish,Honest
1467,Selfish,Honest
1468,Selfish,Honest
1469,Selfish,Honest
1470,Selfish,Honest
1471,Selfish,Honest
1472,Selfish,Honest
1473,Selfish,Honest
1474,Selfish,Honest
1475,Selfish,Honest
1476,Selfish,Honest
1477,Selfish,Honest
1478,Selfish,Honest
1479,Selfish,Honest
1480,Selfish,Honest
1481,Selfish,Honest
1482,Selfish,Honest
1483,Selfish,Honest
1484,Selfish,Honest
1485,Selfish,Honest
1486,Selfish,Honest
1487,Selfish,Honest
1488,Selfish,Honest
1489,Selfish,Honest
1490,Selfish,Honest
1491,Selfish,Honest
1492,Selfish,Honest
1493,Selfish,Honest
1494,Selfish,Honest
1495,Selfish,Honest
1496,Selfish,Honest
1497,Selfish,Honest
1498,Selfish,Honest
1499,Selfish,Honest
1500,Selfish,Honest
1501,Selfish,Honest
1502,Selfish,Honest
1503,Selfish,Honest
1504,Selfish,Honest
1505,Selfish,Honest
1506,Selfish,Honest
1507,Selfish,Honest
1508,Selfish,Honest
1509,Selfish,Honest
1510,Selfish,Honest
1511,Selfish,Honest
1512,Selfish,Honest
1513,Selfish,Honest
1514,Selfish,Honest
1515,Selfish,Honest
1516,Selfish,Honest
1517,Selfish,Honest
1518,Selfish,Honest
1519,Selfish,Honest
1520,Selfish,Honest
1521,Selfish,Honest
1522,Selfish,Honest
1523,Selfish,Honest
1524,Selfish,Honest
1525,Selfish,Honest
1526,Selfish,Honest
1527,Selfish,Honest
1528,Selfish,Honest
1529,Selfish,Honest
1530,Selfish,Honest
1531,Selfish,Honest
1532,Selfish,Honest
1533,Selfish,Honest
1534,Selfish,Honest
1535,Selfish,Honest
1536,Selfish,Honest
1537,Selfish,Honest
1538,Selfish,Honest
1539,Selfish,Honest
1540,Selfish,Honest
1541,Selfish,Honest
1542,Selfish,Honest
1543,Selfish,Honest
1544,Selfish,Honest
1545,Selfish,Honest
1546,Selfish,Honest
1547,Selfish,Honest
1548,Selfish,Honest
1549,Selfish,Honest
1550,Selfish,Honest
1551,Selfish,Honest
1552,Selfish,Honest
1553,Selfish,Honest
1554,Selfish,Honest
1555,Selfish,Honest
1556,Selfish,Honest
1557,Selfish,Honest
1558,Selfish,Honest
1559,Selfish,Honest
1560,Selfish,Honest
1561,Selfish,Honest
1562,Selfish,Honest
1563,Selfish,Honest
1564,Selfish,Honest
1565,Selfish,Honest
1566,Selfish,Honest
1567,Selfish,Honest
1568,Selfish,Honest
1569,Selfish,Honest
1570,Selfish,Honest
1571,Selfish,Honest
1572,Selfish,Honest
1573,Selfish,Honest
1574,Selfish,Honest
1575,Selfish,Honest
1576,Selfish,Honest
1577,Selfish,Honest
1578,Selfish,Honest
1579,Selfish,Honest
1580,Selfish,Honest
1581,Selfish,Honest
1582,Selfish,Honest
1583,Selfish,Honest
1584,Selfish,Honest
1585,Selfish,Honest
1586,Selfish,Honest
1587,Selfish,Honest
1588,Selfish,Honest
1589,Selfish,Honest
1590,Selfish,Honest
1591,Selfish,Honest
1592,Selfish,Honest
1593,Selfish,Honest
1594,Selfish,Honest
1595,Selfish,Honest
1596,Selfish,Honest
1597,Selfish,Honest
1598,Selfish,Honest
1599,Selfish,Honest
1600,Selfish,Honest
1601,Selfish,Honest
1602,Selfish,Honest
1603,Selfish,Honest
1604,Selfish,Honest
1605,Selfish,Honest
1606,Selfish,Honest
1607,Selfish,Honest
1608,Selfish,Honest
1609,Selfish,Honest
1610,Selfish,Honest
1611,Selfish,Honest
1612,Selfish,Honest
1613,Selfish,Honest
1614,Selfish,Honest
1615,Selfish,Honest
1616,Selfish,Honest
1617,Selfish,Honest
1618,Selfish,Honest
1619,Selfish,Honest
1620,Selfish,Honest
1621,Selfish,Honest
1622,Selfish,Honest
1623,Selfish,Honest
1624,Selfish,Honest
1625,Selfish,Honest
1626,Selfish,Honest
1627,Selfish,Honest
1628,Selfish,Honest
1629,Selfish,Honest
1630,Selfish,Honest
1631,Selfish,Honest
1632,Selfish,Honest
1633,Selfish,Honest
1634,Selfish,Honest
1635,Selfish,Honest
1636,Selfish,Honest
1637,Selfish,Honest
1638,Selfish,Honest
1639,Selfish,Honest
1640,Selfish,Honest
1641,Selfish,Honest
1642,Selfish,Honest
1643,Selfish,Honest
1644,Selfish,Honest
1645,Selfish,Honest
1646,Selfish,Honest
1647,Selfish,Honest
1648,Selfish,Honest
1649,Selfish,Honest
1650,Selfish,Honest
1651,Selfish,Honest
1652,Selfish,Honest
1653,Selfish,Honest
1654,Selfish,Honest
1655,Selfish,Honest
1656,Selfish,Honest
1657,Selfish,Honest
1658,Selfish,Honest
1659,Selfish,Honest
1660,Selfish,Honest
1661,Selfish,Honest
1662,Selfish,Honest
1663,Selfish,Honest
1664,Selfish,Honest
1665,Selfish,Honest
1666,Selfish,Honest
1667,Selfish,Honest
1668,Selfish,Honest
1669,Selfish,Honest
1670,Selfish,Honest
1671,Selfish,Honest
1672,Selfish,Honest
1673,Selfish,Honest
1674,Selfish,Honest
1675,Selfish,Honest
1676,Selfish,Honest
1677,Selfish,Honest
1678,Selfish,Honest
1679,Selfish,Honest
1680,Selfish,Honest
1681,Selfish,Honest
1682,Selfish,Honest
1683,Selfish,Honest
1684,Selfish,Honest
1685,Selfish,Honest
1686,Selfish,Honest
1687,Selfish,Honest
1688,Selfish,Honest
1689,Selfish,Honest
1690,Selfish,Honest
1691,Selfish,Honest
1692,Selfish,Honest
1693,Selfish,Honest
1694,Selfish,Honest
1695,Selfish,Honest
1696,Selfish,Honest
1697,Selfish,Honest
1698,Selfish,Honest
1699,Selfish,Honest
1700,Selfish,Honest
1701,Selfish,Honest
1702,Selfish,Honest
1703,Selfish,Honest
1704,Selfish,Honest
1705,Selfish,Honest
1706,Selfish,Honest
1707,Selfish,Honest
1708,Selfish,Honest
1709,Selfish,Honest
1710,Selfish,Honest
1711,Selfish,Honest
1712,Selfish,Honest
1713,Selfish,Honest
1714,Selfish,Honest
1715,Selfish,Honest
1716,Selfish,Honest
1717,Selfish,Honest
1718,Selfish,Honest
1719,Selfish,Honest
1720,Selfish,Honest
1721,Selfish,Honest
1722,Selfish,Honest
1723,Selfish,Honest
1724,Selfish,Honest
1725,Selfish,Honest
1726,Selfish,Honest
1727,Selfish,Honest
1728,Selfish,Honest
1729,Selfish,Honest
1730,Selfish,Honest
1731,Selfish,Honest
1732,Selfish,Honest
1733,Selfish,Honest
1734,Selfish,Honest
1735,Selfish,Honest
1736,Selfish,Honest
1737,Selfish,Honest
1738,Selfish,Honest
1739,Selfish,Honest
1740,Selfish,Honest
1741,Selfish,Honest
1742,Selfish,Honest
1743,Selfish,Honest
1744,Selfish,Honest
1745,Selfish,Honest
1746,Selfish,Honest
1747,Selfish,Honest
1748,Selfish,Honest
1749,Selfish,Honest
1750,Selfish,Honest
1751,Selfish,Honest
1752,Selfish,Honest
1753,Selfish,Honest
1754,Selfish,Honest
1755,Selfish,Honest
1756,Selfish,Honest
1757,Selfish,Honest
1758,Selfish,Honest
1759,Selfish,Honest
1760,Selfish,Honest
1761,Selfish,Honest
1762,Selfish,Honest
1763,Selfish,Honest
1764,Selfish,Honest
1765,Selfish,Honest
1766,Selfish,Honest
1767,Selfish,Honest
1768,Selfish,Honest
1769,Selfish,Honest
1770,Selfish,Honest
1771,Selfish,Honest
1772,Selfish,Honest
1773,Selfish,Honest
1774,Selfish,Honest
1775,Selfish,Honest
1776,Selfish,Honest
1777,Selfish,Honest
1778,Selfish,Honest
1779,Selfish,Honest
1780,Selfish,Honest
1781,Selfish,Honest
1782,Selfish,Honest
1783,Selfish,Honest
1784,Selfish,Honest
1785,Selfish,Honest
1786,Selfish,Honest
1787,Selfish,Honest
1788,Selfish,Honest
1789,Selfish,Honest
1790,Selfish,Honest
1791,Selfish,Honest
1792,Selfish,Honest
1793,Selfish,Honest
1794,Selfish,Honest
1795,Selfish,Honest
1796,Selfish,Honest
1797,Selfish,Honest
1798,Selfish,Honest
1799,Selfish,Honest
1800,Selfish,Honest
1801,Selfish,Honest
1802,Selfish,Honest
1803,Selfish,Honest
1804,Selfish,Honest
1805,Selfish,Honest
1806,Selfish,Honest
1807,Selfish,Honest
1808,Selfish,Honest
1809,Selfish,Honest
1810,Selfish,Honest
1811,Selfish,Honest
1812,Selfish,Honest
1813,Selfish,Honest
1814,Selfish,Honest
1815,Selfish,Honest
1816,Selfish,Honest
1817,Selfish,Honest
1818,Selfish,Honest
1819,Selfish,Honest
1820,Selfish,Honest
1821,Selfish,Honest
1822,Selfish,Honest
1823,Selfish,Honest
1824,Selfish,Honest
1825,Selfish,Honest
1826,Selfish,Honest
1827,Selfish,Honest
1828,Selfish,Honest
1829,Selfish,Honest
1830,Selfish,Honest
1831,Selfish,Honest
1832,Selfish,Honest
1833,Selfish,Honest
1834,Selfish,Honest
1835,Selfish,Honest
1836,Selfish,Honest
1837,Selfish,Honest
1838,Selfish,Honest
1839,Selfish,Honest
1840,Selfish,Honest
1841,Selfish,Honest
1842,Selfish,Honest
1843,Selfish,Honest
1844,Selfish,Honest
1845,Selfish,Honest
1846,Selfish,Honest
1847,Selfish,Honest
1848,Selfish,Honest
1849,Selfish,Honest
1850,Selfish,Honest
1851,Selfish,Honest
1852,Selfish,Honest
1853,Selfish,Honest
1854,Selfish,Honest
1855,Selfish,Honest
1856,Selfish,Honest
1857,Selfish,Honest
1858,Selfish,Honest
1859,Selfish,Honest
1860,Selfish,Honest
1861,Selfish,Honest
1862,Selfish,Honest
1863,Selfish,Honest
1864,Selfish,Honest
1865,Selfish,Honest
1866,Selfish,Honest
1867,Selfish,Honest
1868,Selfish,Honest
1869,Selfish,Honest
1870,Selfish,Honest
1871,Selfish,Honest
1872,Selfish,Honest
1873,Selfish,Honest
1874,Selfish,Honest
1875,Selfish,Honest
1876,Selfish,Honest
1877,Selfish,Honest
1878,Selfish,Honest
1879,Selfish,Honest
1880,Selfish,Honest
1881,Selfish,Honest
1882,Selfish,Honest
1883,Selfish,Honest
1884,Selfish,Honest
1885,Selfish,Honest
1886,Selfish,Honest
1887,Selfish,Honest
1888,Selfish,Honest
1889,Selfish,Honest
1890,Selfish,Honest
1891,Selfish,Honest
1892,Selfish,Honest
1893,Selfish,Honest
1894,Selfish,Honest
1895,Selfish,Honest
1896,Selfish,Honest
1897,Selfish,Honest
1898,Selfish,Honest
1899,Selfish,Honest
1900,Selfish,Honest
1901,Selfish,Honest
1902,Selfish,Honest
1903,Selfish,Honest
1904,Selfish,Honest
1905,Selfish,Honest
1906,Selfish,Honest
1907,Selfish,Honest
1908,Selfish,Honest
1909,Selfish,Honest
1910,Selfish,Honest
1911,Selfish,Honest
1912,Selfish,Honest
1913,Selfish,Honest
1914,Selfish,Honest
1915,Selfish,Honest
1916,Selfish,Honest
1917,Selfish,Honest
1918,Selfish,Honest
1919,Selfish,Honest
1920,Selfish,Honest
1921,Selfish,Honest
1922,Selfish,Honest
1923,Selfish,Honest
1924,Selfish,Honest
1925,Selfish,Honest
1926,Selfish,Honest
1927,Selfish,Honest
1928,Selfish,Honest
1929,Selfish,Honest
1930,Selfish,Honest
1931,Selfish,Honest
1932,Selfish,Honest
1933,Selfish,Honest
1934,Selfish,Honest
1935,Selfish,Honest
1936,Selfish,Honest
1937,Selfish,Honest
1938,Selfish,Honest
1939,Selfish,Honest
1940,Selfish,Honest
1941,Selfish,Honest
1942,Selfish,Honest
1943,Selfish,Honest
1944,Selfish,Honest
1945,Selfish,Honest
1946,Selfish,Honest
1947,Selfish,Honest
1948,Selfish,Honest
1949,Selfish,Honest
1950,Selfish,Honest
1951,Selfish,Honest
1952,Selfish,Honest
1953,Selfish,Honest
1954,Selfish,Honest
1955,Selfish,Honest
1956,Selfish,Honest
1957,Selfish,Honest
1958,Selfish,Honest
1959,Selfish,Honest
1960,Selfish,Honest
1961,Selfish,Honest
1962,Selfish,Honest
1963,Selfish,Honest
1964,Selfish,Honest
1965,Selfish,Honest
1966,Selfish,Honest
1967,Selfish,Honest
1968,Selfish,Honest
1969,Selfish,Honest
1970,Selfish,Honest
1971,Selfish,Honest
1972,Selfish,Honest
1973,Selfish,Honest
1974,Selfish,Honest
1975,Selfish,Honest
1976,Selfish,Honest
1977,Selfish,Honest
1978,Selfish,Honest
1979,Selfish,Honest
1980,Selfish,Honest
1981,Selfish,Honest
1982,Selfish,Honest
1983,Selfish,Honest
1984,Selfish,Honest
1985,Selfish,Honest
1986,Selfish,Honest
1987,Selfish,Honest
1988,Selfish,Honest
1989,Selfish,Honest
1990,Selfish,Honest
1991,Selfish,Honest
1992,Selfish,Honest
1993,Selfish,Honest
1994,Selfish,Honest
1995,Selfish,Honest
1996,Selfish,Honest
1997,Selfish,Honest
1998,Selfish,Honest
1999,Selfish,Honest
2000,Selfish,Honest
2001,Selfish,Honest
2002,Selfish,Honest
2003,Selfish,Honest
2004,Selfish,Honest
2005,Selfish,Honest
2006,Selfish,Honest
2007,Selfish,Honest
2008,Selfish,Honest
2009,Selfish,Honest
2010,Selfish,Honest
2011,Selfish,Honest
2012,Selfish,Honest
2013,Selfish,Honest
2014,Selfish,Honest
2015,Selfish,Honest
2016,Selfish,Honest
2017,Selfish,Honest
2018,Selfish,Honest
2019,Selfish,Honest
2020,Selfish,Honest
2021,Selfish,Honest
2022,Selfish,Honest
2023,Selfish,Honest
2024,Selfish,Honest
2025,Selfish,Honest
2026,Selfish,Honest
2027,Selfish,Honest
2028,Selfish,Honest
2029,Selfish,Honest
2030,Selfish,Honest
2031,Selfish,Honest
2032,Selfish,Honest
2033,Selfish,Honest
2034,Selfish,Honest
2035,Selfish,Honest
2036,Selfish,Honest
2037,Selfish,Honest
2038,Selfish,Honest
2039,Selfish,Honest
2040,Selfish,Honest
2041,Selfish,Honest
2042,Selfish,Honest
2043,Selfish,Honest
2044,Selfish,Honest
2045,Selfish,Honest
2046,Selfish,Honest
2047,Selfish,Honest
2048,Selfish,Honest
2049,Selfish,Honest
2050,Selfish,Honest
2051,Selfish,Honest
2052,Selfish,Honest
2053,Selfish,Honest
2054,Selfish,Honest
2055,Selfish,Honest
2056,Selfish,Honest
2057,Selfish,Honest
2058,Selfish,Honest
2059,Selfish,Honest
2060,Selfish,Honest
2061,Selfish,Honest
2062,Selfish,Honest
2063,Selfish,Honest
2064,Selfish,Honest
2065,Selfish,Honest
2066,Selfish,Honest
2067,Selfish,Honest
2068,Selfish,Honest
2069,Selfish,Honest
2070,Selfish,Honest
2071,Selfish,Honest
2072,Selfish,Honest
2073,Selfish,Honest
2074,Selfish,Honest
2075,Selfish,Honest
2076,Selfish,Honest
2077,Selfish,Honest
2078,Selfish,Honest
2079,Selfish,Honest
2080,Selfish,Honest
2081,Selfish,Honest
2082,Selfish,Honest
2083,Selfish,Honest
2084,Selfish,Honest
2085,Selfish,Honest
2086,Selfish,Honest
2087,Selfish,Honest
2088,Selfish,Honest
2089,Selfish,Honest
2090,Selfish,Honest
2091,Selfish,Honest
2092,Selfish,Honest
2093,Selfish,Honest
2094,Selfish,Honest
2095,Selfish,Honest
2096,Selfish,Honest
2097,Selfish,Honest
2098,Selfish,Honest
2099,Selfish,Honest
2100,Selfish,Honest
2101,Selfish,Honest
2102,Selfish,Honest
2103,Selfish,Honest
2104,Selfish,Honest
2105,Selfish,Honest
2106,Selfish,Honest
2107,Selfish,Honest
2108,Selfish,Honest
2109,Selfish,Honest
2110,Selfish,Honest
2111,Selfish,Honest
2112,Selfish,Honest
2113,Selfish,Honest
2114,Selfish,Honest
2115,Selfish,Honest
2116,Selfish,Honest
2117,Selfish,Honest
2118,Selfish,Honest
2119,Selfish,Honest
2120,Selfish,Honest
2121,Selfish,Honest
2122,Selfish,Honest
2123,Selfish,Honest
2124,Selfish,Honest
2125,Selfish,Honest
2126,Selfish,Honest
2127,Selfish,Honest
2128,Selfish,Honest
2129,Selfish,Honest
2130,Selfish,Honest
2131,Selfish,Honest
2132,Selfish,Honest
2133,Selfish,Honest
2134,Selfish,Honest
2135,Selfish,Honest
2136,Selfish,Honest
2137,Selfish,Honest
2138,Selfish,Honest
2139,Selfish,Honest
2140,Selfish,Honest
2141,Selfish,Honest
2142,Selfish,Honest
2143,Selfish,Honest
2144,Selfish,Honest
2145,Selfish,Honest
2146,Selfish,Honest
2147,Selfish,Honest
2148,Selfish,Honest
2149,Selfish,Honest
2150,Selfish,Honest
2151,Selfish,Honest
2152,Selfish,Honest
2153,Selfish,Honest
2154,Selfish,Honest
2155,Selfish,Honest
2156,Selfish,Honest
2157,Selfish,Honest
2158,Selfish,Honest
2159,Selfish,Honest
2160,Selfish,Honest
2161,Selfish,Honest
2162,Selfish,Honest
2163,Selfish,Honest
2164,Selfish,Honest
2165,Selfish,Honest
2166,Selfish,Honest
2167,Selfish,Honest
2168,Selfish,Honest
2169,Selfish,Honest
2170,Selfish,Honest
2171,Selfish,Honest
2172,Selfish,Honest
2173,Selfish,Honest
2174,Selfish,Honest
2175,Selfish,Honest
2176,Selfish,Honest
2177,Selfish,Honest
2178,Selfish,Honest
2179,Selfish,Honest
2180,Selfish,Honest
2181,Selfish,Honest
2182,Selfish,Honest
2183,Selfish,Honest
2184,Selfish,Honest
2185,Selfish,Honest
2186,Selfish,Honest
2187,Selfish,Honest
2188,Selfish,Honest
2189,Selfish,Honest
2190,Selfish,Honest
2191,Selfish,Honest
2192,Selfish,Honest
2193,Selfish,Honest
2194,Selfish,Honest
2195,Selfish,Honest
2196,Selfish,Honest
2197,Selfish,Honest
2198,Selfish,Honest
2199,Selfish,Honest
2200,Selfish,Honest
2201,Selfish,Honest
2202,Selfish,Honest
2203,Selfish,Honest
2204,Selfish,Honest
2205,Selfish,Honest
2206,Selfish,Honest
2207,Selfish,Honest
2208,Selfish,Honest
2209,Selfish,Honest
2210,Selfish,Honest
2211,Selfish,Honest
2212,Selfish,Honest
2213,Selfish,Honest
2214,Selfish,Honest
2215,Selfish,Honest
2216,Selfish,Honest
2217,Selfish,Honest
2218,Selfish,Honest
2219,Selfish,Honest
2220,Selfish,Honest
2221,Selfish,Honest
2222,Selfish,Honest
2223,Selfish,Honest
2224,Selfish,Honest
2225,Selfish,Honest
2226,Selfish,Honest
2227,Selfish,Honest
2228,Selfish,Honest
2229,Selfish,Honest
2230,Selfish,Honest
2231,Selfish,Honest
2232,Selfish,Honest
2233,Selfish,Honest
2234,Selfish,Honest
2235,Selfish,Honest
2236,Selfish,Honest
2237,Selfish,Honest
2238,Selfish,Honest
2239,Selfish,Honest
2240,Selfish,Honest
2241,Selfish,Honest
2242,Selfish,Honest
2243,Selfish,Honest
2244,Selfish,Honest
2245,Selfish,Honest
2246,Selfish,Honest
2247,Selfish,Honest
2248,Selfish,Honest
2249,Selfish,Honest
2250,Selfish,Honest
2251,Selfish,Honest
2252,Selfish,Honest
2253,Selfish,Honest
2254,Selfish,Honest
2255,Selfish,Honest
2256,Selfish,Honest
2257,Selfish,Honest
2258,Selfish,Honest
2259,Selfish,Honest
2260,Selfish,Honest
2261,Selfish,Honest
2262,Selfish,Honest
2263,Selfish,Honest
2264,Selfish,Honest
2265,Selfish,Honest
2266,Selfish,Honest
2267,Selfish,Honest
2268,Selfish,Honest
2269,Selfish,Honest
2270,Selfish,Honest
2271,Selfish,Honest
2272,Selfish,Honest
2273,Selfish,Honest
2274,Selfish,Honest
2275,Selfish,Honest
2276,Selfish,Honest
2277,Selfish,Honest
2278,Selfish,Honest
2279,Selfish,Honest
2280,Selfish,Honest
2281,Selfish,Honest
2282,Selfish,Honest
2283,Selfish,Honest
2284,Selfish,Honest
2285,Selfish,Honest
2286,Selfish,Honest
2287,Selfish,Honest
2288,Selfish,Honest
2289,Selfish,Honest
2290,Selfish,Honest
2291,Selfish,Honest
2292,Selfish,Honest
2293,Selfish,Honest
2294,Selfish,Honest
2295,Selfish,Honest
2296,Selfish,Honest
2297,Selfish,Honest
2298,Selfish,Honest
2299,Selfish,Honest
2300,Selfish,Honest
2301,Selfish,Honest
2302,Selfish,Honest
2303,Selfish,Honest
2304,Selfish,Honest
2305,Selfish,Honest
2306,Selfish,Honest
2307,Selfish,Honest
2308,Selfish,Honest
2309,Selfish,Honest
2310,Selfish,Honest
2311,Selfish,Honest
2312,Selfish,Honest
2313,Selfish,Honest
2314,Selfish,Honest
2315,Selfish,Honest
2316,Selfish,Honest
2317,Selfish,Honest
2318,Selfish,Honest
2319,Selfish,Honest
2320,Selfish,Honest
2321,Selfish,Honest
2322,Selfish,Honest
2323,Selfish,Honest
2324,Selfish,Honest
2325,Selfish,Honest
2326,Selfish,Honest
2327,Selfish,Honest
2328,Selfish,Honest
2329,Selfish,Honest
2330,Selfish,Honest
2331,Selfish,Honest
2332,Selfish,Honest
2333,Selfish,Honest
2334,Selfish,Honest
2335,Selfish,Honest
2336,Selfish,Honest
2337,Selfish,Honest
2338,Selfish,Honest
2339,Selfish,Honest
2340,Selfish,Honest
2341,Selfish,Honest
2342,Selfish,Honest
2343,Selfish,Honest
2344,Selfish,Honest
2345,Selfish,Honest
2346,Selfish,Honest
2347,Selfish,Honest
2348,Selfish,Honest
2349,Selfish,Honest
2350,Selfish,Honest
2351,Selfish,Honest
2352,Selfish,Honest
2353,Selfish,Honest
2354,Selfish,Honest
2355,Selfish,Honest
2356,Selfish,Honest
2357,Selfish,Honest
2358,Selfish,Honest
2359,Selfish,Honest
2360,Selfish,Honest
2361,Selfish,Honest
2362,Selfish,Honest
2363,Selfish,Honest
2364,Selfish,Honest
2365,Selfish,Honest
2366,Selfish,Honest
2367,Selfish,Honest
2368,Selfish,Honest
2369,Selfish,Honest
2370,Selfish,Honest
2371,Selfish,Honest
2372,Selfish,Honest
2373,Selfish,Honest
2374,Selfish,Honest
2375,Selfish,Honest
2376,Selfish,Honest
2377,Selfish,Honest
2378,Selfish,Honest
2379,Selfish,Honest
2380,Selfish,Honest
2381,Selfish,Honest
2382,Selfish,Honest
2383,Selfish,Honest
2384,Selfish,Honest
2385,Selfish,Honest
2386,Selfish,Honest
2387,Selfish,Honest
2388,Selfish,Honest
2389,Selfish,Honest
2390,Selfish,Honest
2391,Selfish,Honest
2392,Selfish,Honest
2393,Selfish,Honest
2394,Selfish,Honest
2395,Selfish,Honest
2396,Selfish,Honest
2397,Selfish,Honest
2398,Selfish,Honest
2399,Selfish,Honest
2400,Selfish,Honest
2401,Selfish,Honest
2402,Selfish,Honest
2403,Selfish,Honest
2404,Selfish,Honest
2405,Selfish,Honest
2406,Selfish,Honest
2407,Selfish,Honest
2408,Selfish,Honest
2409,Selfish,Honest
2410,Selfish,Honest
2411,Selfish,Honest
2412,Selfish,Honest
2413,Selfish,Honest
2414,Selfish,Honest
2415,Selfish,Honest
2416,Selfish,Honest
2417,Selfish,Honest
2418,Selfish,Honest
2419,Selfish,Honest
2420,Selfish,Honest
2421,Selfish,Honest
2422,Selfish,Honest
2423,Selfish,Honest
2424,Selfish,Honest
2425,Selfish,Honest
2426,Selfish,Honest
2427,Selfish,Honest
2428,Selfish,Honest
2429,Selfish,Honest
2430,Selfish,Honest
2431,Selfish,Honest
2432,Selfish,Honest
2433,Selfish,Honest
2434,Selfish,Honest
2435,Selfish,Honest
2436,Selfish,Honest
2437,Selfish,Honest
2438,Selfish,Honest
2439,Selfish,Honest
2440,Selfish,Honest
2441,Selfish,Honest
2442,Selfish,Honest
2443,Selfish,Honest
2444,Selfish,Honest
2445,Selfish,Honest
2446,Selfish,Honest
2447,Selfish,Honest
2448,Selfish,Honest
2449,Selfish,Honest
2450,Selfish,Honest
2451,Selfish,Honest
2452,Selfish,Honest
2453,Selfish,Honest
2454,Selfish,Honest
2455,Selfish,Honest
2456,Selfish,Honest
2457,Selfish,Honest
2458,Selfish,Honest
2459,Selfish,Honest
2460,Selfish,Honest
2461,Selfish,Honest
2462,Selfish,Honest
2463,Selfish,Honest
2464,Selfish,Honest
2465,Selfish,Honest
2466,Selfish,Honest
2467,Selfish,Honest
2468,Selfish,Honest
2469,Selfish,Honest
2470,Selfish,Honest
2471,Selfish,Honest
2472,Selfish,Honest
2473,Selfish,Honest
2474,Selfish,Honest
2475,Selfish,Honest
2476,Selfish,Honest
2477,Selfish,Honest
2478,Selfish,Honest
2479,Selfish,Honest
2480,Selfish,Honest
2481,Selfish,Honest
2482,Selfish,Honest
2483,Selfish,Honest
2484,Selfish,Honest
2485,Selfish,Honest
2486,Selfish,Honest
2487,Selfish,Honest
2488,Selfish,Honest
2489,Selfish,Honest
2490,Selfish,Honest
2491,Selfish,Honest
2492,Selfish,Honest
2493,Selfish,Honest
2494,Selfish,Honest
2495,Selfish,Honest
2496,Selfish,Honest
2497,Selfish,Honest
2498,Selfish,Honest
2499,Selfish,Honest
2500,Selfish,Honest
2501,Selfish,Honest
2502,Selfish,Honest
2503,Selfish,Honest
2504,Selfish,Honest
2505,Selfish,Honest
2506,Selfish,Honest
2507,Selfish,Honest
2508,Selfish,Honest
2509,Selfish,Honest
2510,Selfish,Honest
2511,Selfish,Honest
2512,Selfish,Honest
2513,Selfish,Honest
2514,Selfish,Honest
2515,Selfish,Honest
2516,Selfish,Honest
2517,Selfish,Honest
2518,Selfish,Honest
2519,Selfish,Honest
2520,Selfish,Honest
2521,Selfish,Honest
2522,Selfish,Honest
2523,Selfish,Honest
2524,Selfish,Honest
2525,Selfish,Honest
2526,Selfish,Honest
2527,Selfish,Honest
2528,Selfish,Honest
2529,Selfish,Honest
2530,Selfish,Honest
2531,Selfish,Honest
2532,Selfish,Honest
2533,Selfish,Honest
2534,Selfish,Honest
2535,Selfish,Honest
2536,Selfish,Honest
2537,Selfish,Honest
2538,Selfish,Honest
2539,Selfish,Honest
2540,Selfish,Honest
2541,Selfish,Honest
2542,Selfish,Honest
2543,Selfish,Honest
2544,Selfish,Honest
2545,Selfish,Honest
2546,Selfish,Honest
2547,Selfish,Honest
2548,Selfish,Honest
2549,Selfish,Honest
2550,Selfish,Honest
2551,Selfish,Honest
2552,Selfish,Honest
2553,Selfish,Honest
2554,Selfish,Honest
2555,Selfish,Honest
2556,Selfish,Honest
2557,Selfish,Honest
2558,Selfish,Honest
2559,Selfish,Honest
2560,Selfish,Honest
2561,Selfish,Honest
2562,Selfish,Honest
2563,Selfish,Honest
2564,Selfish,Honest
2565,Selfish,Honest
2566,Selfish,Honest
2567,Selfish,Honest
2568,Selfish,Honest
2569,Selfish,Honest
2570,Selfish,Honest
2571,Selfish,Honest
2572,Selfish,Honest
2573,Selfish,Honest
2574,Selfish,Honest
2575,Selfish,Honest
2576,Selfish,Honest
2577,Selfish,Honest
2578,Selfish,Honest
2579,Selfish,Honest
2580,Selfish,Honest
2581,Selfish,Honest
2582,Selfish,Honest
2583,Selfish,Honest
2584,Selfish,Honest
2585,Selfish,Honest
2586,Selfish,Honest
2587,Selfish,Honest
2588,Selfish,Honest
2589,Selfish,Honest
2590,Selfish,Honest
2591,Selfish,Honest
2592,Selfish,Honest
2593,Selfish,Honest
2594,Selfish,Honest
2595,Selfish,Honest
2596,Selfish,Honest
2597,Selfish,Honest
2598,Selfish,Honest
2599,Selfish,Honest
2600,Selfish,Honest
2601,Selfish,Honest
2602,Selfish,Honest
2603,Selfish,Honest
2604,Selfish,Honest
2605,Selfish,Honest
2606,Selfish,Honest
2607,Selfish,Honest
2608,Selfish,Honest
2609,Selfish,Honest
2610,Selfish,Honest
2611,Selfish,Honest
2612,Selfish,Honest
2613,Selfish,Honest
2614,Selfish,Honest
2615,Selfish,Honest
2616,Selfish,Honest
2617,Selfish,Honest
2618,Selfish,Honest
2619,Selfish,Honest
2620,Selfish,Honest
2621,Selfish,Honest
2622,Selfish,Honest
2623,Selfish,Honest
2624,Selfish,Honest
2625,Selfish,Honest
2626,Selfish,Honest
2627,Selfish,Honest
2628,Selfish,Honest
2629,Selfish,Honest
2630,Selfish,Honest
2631,Selfish,Honest
2632,Selfish,Honest
2633,Selfish,Honest
2634,Selfish,Honest
2635,Selfish,Honest
2636,Selfish,Honest
2637,Selfish,Honest
2638,Selfish,Honest
2639,Selfish,Honest
2640,Selfish,Honest
2641,Selfish,Honest
2642,Selfish,Honest
2643,Selfish,Honest
2644,Selfish,Honest
2645,Selfish,Honest
2646,Selfish,Honest
2647,Selfish,Honest
2648,Selfish,Honest
2649,Selfish,Honest
2650,Selfish,Honest
2651,Selfish,Honest
2652,Selfish,Honest
2653,Selfish,Honest
2654,Selfish,Honest
2655,Selfish,Honest
2656,Selfish,Honest
2657,Selfish,Honest
2658,Selfish,Honest
2659,Selfish,Honest
2660,Selfish,Honest
2661,Selfish,Honest
2662,Selfish,Honest
2663,Selfish,Honest
2664,Selfish,Honest
2665,Selfish,Honest
2666,Selfish,Honest
2667,Selfish,Honest
2668,Selfish,Honest
2669,Selfish,Honest
2670,Selfish,Honest
2671,Selfish,Honest
2672,Selfish,Honest
2673,Selfish,Honest
2674,Selfish,Honest
2675,Selfish,Honest
2676,Selfish,Honest
2677,Selfish,Honest
2678,Selfish,Honest
2679,Selfish,Honest
2680,Selfish,Honest
2681,Selfish,Honest
2682,Selfish,Honest
2683,Selfish,Honest
2684,Selfish,Honest
2685,Selfish,Honest
2686,Selfish,Honest
2687,Selfish,Honest
2688,Selfish,Honest
2689,Selfish,Honest
2690,Selfish,Honest
2691,Selfish,Honest
2692,Selfish,Honest
2693,Selfish,Honest
2694,Selfish,Honest
2695,Selfish,Honest
2696,Selfish,Honest
2697,Selfish,Honest
2698,Selfish,Honest
2699,Selfish,Honest
2700,Selfish,Honest
2701,Selfish,Honest
2702,Selfish,Honest
2703,Selfish,Honest
2704,Selfish,Honest
2705,Selfish,Honest
2706,Selfish,Honest
2707,Selfish,Honest
2708,Selfish,Honest
2709,Selfish,Honest
2710,Selfish,Honest
2711,Selfish,Honest
2712,Selfish,Honest
2713,Selfish,Honest
2714,Selfish,Honest
2715,Selfish,Honest
2716,Selfish,Honest
2717,Selfish,Honest
2718,Selfish,Honest
2719,Selfish,Honest
2720,Selfish,Honest
2721,Selfish,Honest
2722,Selfish,Honest
2723,Selfish,Honest
2724,Selfish,Honest
2725,Selfish,Honest
2726,Selfish,Honest
2727,Selfish,Honest
2728,Selfish,Honest
2729,Selfish,Honest
2730,Selfish,Honest
2731,Selfish,Honest
2732,Selfish,Honest
2733,Selfish,Honest
2734,Selfish,Honest
2735,Selfish,Honest
2736,Selfish,Honest
2737,Selfish,Honest
2738,Selfish,Honest
2739,Selfish,Honest
2740,Selfish,Honest
2741,Selfish,Honest
2742,Selfish,Honest
2743,Selfish,Honest
2744,Selfish,Honest
2745,Selfish,Honest
2746,Selfish,Honest
2747,Selfish,Honest
2748,Selfish,Honest
2749,Selfish,Honest
2750,Selfish,Honest
2751,Selfish,Honest
2752,Selfish,Honest
2753,Selfish,Honest
2754,Selfish,Honest
2755,Selfish,Honest
2756,Selfish,Honest
2757,Selfish,Honest
2758,Selfish,Honest
2759,Selfish,Honest
2760,Selfish,Honest
2761,Selfish,Honest
2762,Selfish,Honest
2763,Selfish,Honest
2764,Selfish,Honest
2765,Selfish,Honest
2766,Selfish,Honest
2767,Selfish,Honest
2768,Selfish,Honest
2769,Selfish,Honest
2770,Selfish,Honest
2771,Selfish,Honest
2772,Selfish,Honest
2773,Selfish,Honest
2774,Selfish,Honest
2775,Selfish,Honest
2776,Selfish,Honest
2777,Selfish,Honest
2778,Selfish,Honest
2779,Selfish,Honest
2780,Selfish,Honest
2781,Selfish,Honest
2782,Selfish,Honest
2783,Selfish,Honest
2784,Selfish,Honest
2785,Selfish,Honest
2786,Selfish,Honest
2787,Selfish,Honest
2788,Selfish,Honest
2789,Selfish,Honest
2790,Selfish,Honest
2791,Selfish,Honest
2792,Selfish,Honest
2793,Selfish,Honest
2794,Selfish,Honest
2795,Selfish,Honest
2796,Selfish,Honest
2797,Selfish,Honest
2798,Selfish,Honest
2799,Selfish,Honest
2800,Selfish,Honest
2801,Selfish,Honest
2802,Selfish,Honest
2803,Selfish,Honest
2804,Selfish,Honest
2805,Selfish,Honest
2806,Selfish,Honest
2807,Selfish,Honest
2808,Selfish,Honest
2809,Selfish,Honest
2810,Selfish,Honest
2811,Selfish,Honest
2812,Selfish,Honest
2813,Selfish,Honest
2814,Selfish,Honest
2815,Selfish,Honest
2816,Selfish,Honest
2817,Selfish,Honest
2818,Selfish,Honest
2819,Selfish,Honest
2820,Selfish,Honest
2821,Selfish,Honest
2822,Selfish,Honest
2823,Selfish,Honest
2824,Selfish,Honest
2825,Selfish,Honest
2826,Selfish,Honest
2827,Selfish,Honest
2828,Selfish,Honest
2829,Selfish,Honest
2830,Selfish,Honest
2831,Selfish,Honest
2832,Selfish,Honest
2833,Selfish,Honest
2834,Selfish,Honest
2835,Selfish,Honest
2836,Selfish,Honest
2837,Selfish,Honest
2838,Selfish,Honest
2839,Selfish,Honest
2840,Selfish,Honest
2841,Selfish,Honest
2842,Selfish,Honest
2843,Selfish,Honest
2844,Selfish,Honest
2845,Selfish,Honest
2846,Selfish,Honest
2847,Selfish,Honest
2848,Selfish,Honest
2849,Selfish,Honest
2850,Selfish,Honest
2851,Selfish,Honest
2852,Selfish,Honest
2853,Selfish,Honest
2854,Selfish,Honest
2855,Selfish,Honest
2856,Selfish,Honest
2857,Selfish,Honest
2858,Selfish,Honest
2859,Selfish,Honest
2860,Selfish,Honest
2861,Selfish,Honest
2862,Selfish,Honest
2863,Selfish,Honest
2864,Selfish,Honest
2865,Selfish,Honest
2866,Selfish,Honest
2867,Selfish,Honest
2868,Selfish,Honest
2869,Selfish,Honest
2870,Selfish,Honest
2871,Selfish,Honest
2872,Selfish,Honest
2873,Selfish,Honest
2874,Selfish,Honest
2875,Selfish,Honest
2876,Selfish,Honest
2877,Selfish,Honest
2878,Selfish,Honest
2879,Selfish,Honest
2880,Selfish,Honest
2881,Selfish,Honest
2882,Selfish,Honest
2883,Selfish,Honest
2884,Selfish,Honest
2885,Selfish,Honest
2886,Selfish,Honest
2887,Selfish,Honest
2888,Selfish,Honest
2889,Selfish,Honest
2890,Selfish,Honest
2891,Selfish,Honest
2892,Selfish,Honest
2893,Selfish,Honest
2894,Selfish,Honest
2895,Selfish,Honest
2896,Selfish,Honest
2897,Selfish,Honest
2898,Selfish,Honest
2899,Selfish,Honest
2900,Selfish,Honest
2901,Selfish,Honest
2902,Selfish,Honest
2903,Selfish,Honest
2904,Selfish,Honest
2905,Selfish,Honest
2906,Selfish,Honest
2907,Selfish,Honest
2908,Selfish,Honest
2909,Selfish,Honest
2910,Selfish,Honest
2911,Selfish,Honest
2912,Selfish,Honest
2913,Selfish,Honest
2914,Selfish,Honest
2915,Selfish,Honest
2916,Selfish,Honest
2917,Selfish,Honest
2918,Selfish,Honest
2919,Selfish,Honest
2920,Selfish,Honest
2921,Selfish,Honest
2922,Selfish,Honest
2923,Selfish,Honest
2924,Selfish,Honest
2925,Selfish,Honest
2926,Selfish,Honest
2927,Selfish,Honest
2928,Selfish,Honest
2929,Selfish,Honest
2930,Selfish,Honest
2931,Selfish,Honest
2932,Selfish,Honest
2933,Selfish,Honest
2934,Selfish,Honest
2935,Selfish,Honest
2936,Selfish,Honest
2937,Selfish,Honest
2938,Selfish,Honest
2939,Selfish,Honest
2940,Selfish,Honest
2941,Selfish,Honest
2942,Selfish,Honest
2943,Selfish,Honest
2944,Selfish,Honest
2945,Selfish,Honest
2946,Selfish,Honest
2947,Selfish,Honest
2948,Selfish,Honest
2949,Selfish,Honest
2950,Selfish,Honest
2951,Selfish,Honest
2952,Selfish,Honest
2953,Selfish,Honest
2954,Selfish,Honest
2955,Selfish,Honest
2956,Selfish,Honest
